<?xml version="1.0" encoding="UTF-8"?>
<database defaultPhpNamingMethod="underscore" heavyIndexing="false" name="legedia" defaultIdMethod="native"><table skipSql="false" abstract="false" name="usuario"><column lazyLoad="false" name="id_usuario" type="INTEGER" required="true" primaryKey="true" autoIncrement="true"/><column primaryKey="false" autoIncrement="false" lazyLoad="false" name="id_idioma" type="VARCHAR" size="6" required="true"/><column primaryKey="false" required="false" autoIncrement="false" lazyLoad="false" name="usuario" type="VARCHAR" size="30"/><column primaryKey="false" required="false" autoIncrement="false" lazyLoad="false" name="clave" type="VARCHAR" size="255"/><column primaryKey="false" required="false" autoIncrement="false" lazyLoad="false" name="nombre" type="VARCHAR" size="150"/><column primaryKey="false" required="false" autoIncrement="false" lazyLoad="false" name="apellido1" type="VARCHAR" size="100"/><column primaryKey="false" required="false" autoIncrement="false" lazyLoad="false" name="apellido2" type="VARCHAR" size="100"/><column primaryKey="false" required="false" autoIncrement="false" lazyLoad="false" name="dni" type="VARCHAR" size="10"/><column primaryKey="false" required="false" autoIncrement="false" lazyLoad="false" name="domicilio" type="LONGVARCHAR"/><column primaryKey="false" required="false" autoIncrement="false" lazyLoad="false" name="poblacion" type="VARCHAR" size="50"/><column primaryKey="false" required="false" autoIncrement="false" lazyLoad="false" name="cp" type="INTEGER" size="9"/><column primaryKey="false" required="false" autoIncrement="false" lazyLoad="false" name="id_provincia" type="INTEGER" size="11"/><column primaryKey="false" required="false" autoIncrement="false" lazyLoad="false" name="pais" type="VARCHAR" size="80"/><column primaryKey="false" required="false" autoIncrement="false" lazyLoad="false" name="movil" type="VARCHAR" size="15"/><column primaryKey="false" required="false" autoIncrement="false" lazyLoad="false" name="telefono" type="VARCHAR" size="15"/><column primaryKey="false" required="false" autoIncrement="false" lazyLoad="false" name="fax" type="VARCHAR" size="15"/><column primaryKey="false" required="false" autoIncrement="false" lazyLoad="false" name="ultima_visita" type="TIMESTAMP"/><column primaryKey="false" required="false" autoIncrement="false" lazyLoad="false" name="email" type="VARCHAR" size="45"/><column primaryKey="false" required="false" autoIncrement="false" lazyLoad="false" name="public_key" type="LONGVARCHAR"/><column primaryKey="false" required="false" autoIncrement="false" lazyLoad="false" name="es_externo" type="BOOLEAN"/><column primaryKey="false" required="false" autoIncrement="false" lazyLoad="false" name="alerta_email" type="BOOLEAN" default="0"/><column primaryKey="false" required="false" autoIncrement="false" lazyLoad="false" name="created_at" type="TIMESTAMP"/><column primaryKey="false" required="false" autoIncrement="false" lazyLoad="false" name="updated_at" type="TIMESTAMP"/><column primaryKey="false" required="false" autoIncrement="false" lazyLoad="false" name="fecha_borrado" type="TIMESTAMP"/><foreign-key onDelete="none" onUpdate="none" foreignTable="catalogue" name="fk_idioma_usuario"><reference local="id_idioma" foreign="cat_id"/></foreign-key><foreign-key onUpdate="none" foreignTable="provincia" name="fk_usuario_provincia" onDelete="none"><reference local="id_provincia" foreign="id_provincia"/></foreign-key></table><table skipSql="false" abstract="false" name="grupo"><column lazyLoad="false" name="id_grupo" type="INTEGER" required="true" primaryKey="true" autoIncrement="true"/><column primaryKey="false" required="false" autoIncrement="false" lazyLoad="false" name="nombre" type="VARCHAR" size="255"/><column primaryKey="false" required="false" autoIncrement="false" lazyLoad="false" name="padre" type="INTEGER"/></table><table skipSql="false" abstract="false" name="grupo_modulo"><column autoIncrement="false" lazyLoad="false" name="modulo" type="VARCHAR" size="50" required="true" primaryKey="true"/><column autoIncrement="false" lazyLoad="false" name="accion" type="VARCHAR" size="50" required="true" primaryKey="true"/><column autoIncrement="false" lazyLoad="false" name="id_grupo" type="INTEGER" required="true" primaryKey="true"/><column primaryKey="false" required="false" autoIncrement="false" lazyLoad="false" name="permiso" type="BOOLEAN" default="TRUE"/><foreign-key onUpdate="none" foreignTable="grupo" name="fk_grupo_modulo_grupo" onDelete="none"><reference local="id_grupo" foreign="id_grupo"/></foreign-key></table><table skipSql="false" abstract="false" name="usuario_grupo"><column autoIncrement="false" lazyLoad="false" name="id_usuario" type="INTEGER" required="true" primaryKey="true"/><column autoIncrement="false" lazyLoad="false" name="id_grupo" type="INTEGER" required="true" primaryKey="true"/><foreign-key onUpdate="none" foreignTable="usuario" name="fk_usuario_grupo_usuario" onDelete="none"><reference local="id_usuario" foreign="id_usuario"/></foreign-key><foreign-key onUpdate="none" foreignTable="grupo" name="fk_grupo_usuario_grupo" onDelete="none"><reference local="id_grupo" foreign="id_grupo"/></foreign-key></table><table skipSql="false" abstract="false" name="catalogue"><column autoIncrement="false" lazyLoad="false" name="cat_id" type="integer" required="true" primaryKey="true" autoincrement="true"/><column primaryKey="false" required="false" autoIncrement="false" lazyLoad="false" name="nvisible" type="varchar" size="100"/><column primaryKey="false" required="false" autoIncrement="false" lazyLoad="false" name="name" type="varchar" size="100"/><column primaryKey="false" required="false" autoIncrement="false" lazyLoad="false" name="source_lang" type="varchar" size="100"/><column primaryKey="false" required="false" autoIncrement="false" lazyLoad="false" name="target_lang" type="varchar" size="100"/><column primaryKey="false" required="false" autoIncrement="false" lazyLoad="false" name="date_created" type="timestamp"/><column primaryKey="false" required="false" autoIncrement="false" lazyLoad="false" name="date_modified" type="timestamp"/><column primaryKey="false" required="false" autoIncrement="false" lazyLoad="false" name="author" type="varchar" size="255"/></table><table skipSql="false" abstract="false" name="trans_unit"><column autoIncrement="false" lazyLoad="false" name="msg_id" type="integer" required="true" primaryKey="true" autoincrement="true"/><column primaryKey="false" required="false" autoIncrement="false" lazyLoad="false" name="cat_id" type="integer"/><column primaryKey="false" required="false" autoIncrement="false" lazyLoad="false" name="id" type="varchar" size="255"/><column primaryKey="false" required="false" autoIncrement="false" lazyLoad="false" name="source" type="longvarchar"/><column primaryKey="false" required="false" autoIncrement="false" lazyLoad="false" name="target" type="longvarchar"/><column primaryKey="false" required="false" autoIncrement="false" lazyLoad="false" name="comments" type="longvarchar"/><column primaryKey="false" required="false" autoIncrement="false" lazyLoad="false" name="date_added" type="timestamp"/><column primaryKey="false" required="false" autoIncrement="false" lazyLoad="false" name="date_modified" type="timestamp"/><column primaryKey="false" required="false" autoIncrement="false" lazyLoad="false" name="author" type="varchar" size="255"/><column primaryKey="false" required="false" autoIncrement="false" lazyLoad="false" name="translated" type="integer"/><foreign-key onUpdate="none" foreignTable="catalogue" onDelete="cascade"><reference local="cat_id" foreign="cat_id"/></foreign-key></table><table skipSql="false" abstract="false" name="sesion_log" phpName="SesionLog"><column lazyLoad="false" name="id_log" type="INTEGER" size="15" primaryKey="true" required="true" autoIncrement="true"/><column primaryKey="false" autoIncrement="false" lazyLoad="false" name="id_sesion" type="INTEGER" required="true"/><column primaryKey="false" autoIncrement="false" lazyLoad="false" name="fecha" type="TIMESTAMP" required="true"/><column primaryKey="false" autoIncrement="false" lazyLoad="false" name="URL" type="VARCHAR" size="100" required="true"/><column primaryKey="false" required="false" autoIncrement="false" lazyLoad="false" name="modulo" type="VARCHAR" size="40"/><column primaryKey="false" required="false" autoIncrement="false" lazyLoad="false" name="accion" type="VARCHAR" size="40"/><column primaryKey="false" required="false" autoIncrement="false" lazyLoad="false" name="firma" type="LONGVARCHAR"/><column primaryKey="false" required="false" autoIncrement="false" lazyLoad="false" name="public_key" type="LONGVARCHAR"/><column primaryKey="false" autoIncrement="false" lazyLoad="false" name="parametros" type="LONGVARCHAR" required="true"/><column primaryKey="false" autoIncrement="false" lazyLoad="false" name="mensaje" type="LONGVARCHAR" required="true"/><foreign-key onDelete="none" onUpdate="none" foreignTable="sesion" name="PaginasVistas"><reference local="id_sesion" foreign="id_sesion"/></foreign-key></table><table skipSql="false" abstract="false" name="alcance"><column lazyLoad="false" name="id_alcance" type="INTEGER" required="true" primaryKey="true" autoIncrement="true"/><column autoIncrement="false" lazyLoad="false" name="id_usuario" type="INTEGER" required="true" primaryKey="true"/><column primaryKey="false" autoIncrement="false" lazyLoad="false" name="id_empresa" type="INTEGER" required="true"/><column primaryKey="false" autoIncrement="false" lazyLoad="false" name="id_tabla" type="INTEGER" required="true"/><column primaryKey="false" required="false" autoIncrement="false" lazyLoad="false" name="titulo" type="VARCHAR" size="255"/><column primaryKey="false" required="false" autoIncrement="false" lazyLoad="false" name="descripcion" type="LONGVARCHAR"/><column primaryKey="false" required="false" autoIncrement="false" lazyLoad="false" name="ver_todos_registros" type="BOOLEAN"/><column primaryKey="false" required="false" autoIncrement="false" lazyLoad="false" name="created_at" type="TIMESTAMP"/><column primaryKey="false" required="false" autoIncrement="false" lazyLoad="false" name="updated_at" type="TIMESTAMP"/><foreign-key onUpdate="none" foreignTable="empresa" name="fk_empresa_alcance" onDelete="none"><reference local="id_empresa" foreign="id_empresa"/></foreign-key><foreign-key onUpdate="none" foreignTable="tabla" name="fk_tabla_alcance" onDelete="none"><reference local="id_tabla" foreign="id_tabla"/></foreign-key><foreign-key onUpdate="none" foreignTable="usuario" name="fk_usuario_alcance" onDelete="none"><reference local="id_usuario" foreign="id_usuario"/></foreign-key></table><table skipSql="false" abstract="false" name="sesion" phpName="Sesion"><column lazyLoad="false" name="id_sesion" type="INTEGER" primaryKey="true" required="true" autoIncrement="true"/><column primaryKey="false" autoIncrement="false" lazyLoad="false" name="id_usuario" type="INTEGER" size="15" required="true"/><column primaryKey="false" required="false" autoIncrement="false" lazyLoad="false" name="sesion" type="VARCHAR" size="50"/><column primaryKey="false" required="false" autoIncrement="false" lazyLoad="false" name="IP" type="VARCHAR" size="15"/><foreign-key onDelete="none" onUpdate="none" foreignTable="usuario" name="VisitasDeUsuarios"><reference local="id_usuario" foreign="id_usuario"/></foreign-key></table><table skipSql="false" abstract="false" name="mensaje"><column lazyLoad="false" name="id_mensaje" type="INTEGER" required="true" primaryKey="true" autoIncrement="true"/><column primaryKey="false" autoIncrement="false" lazyLoad="false" name="id_usuario" type="INTEGER" required="true"/><column primaryKey="false" required="false" autoIncrement="false" lazyLoad="false" name="asunto" type="VARCHAR" size="255"/><column primaryKey="false" required="false" autoIncrement="false" lazyLoad="false" name="cuerpo" type="LONGVARCHAR"/><column primaryKey="false" required="false" autoIncrement="false" lazyLoad="false" name="fecha" type="TIMESTAMP"/><column primaryKey="false" required="false" autoIncrement="false" lazyLoad="false" name="email" type="BOOLEAN"/><column primaryKey="false" required="false" autoIncrement="false" lazyLoad="false" name="created_at" type="TIMESTAMP"/><column primaryKey="false" required="false" autoIncrement="false" lazyLoad="false" name="updated_at" type="TIMESTAMP"/><column primaryKey="false" required="false" autoIncrement="false" lazyLoad="false" name="borrado" type="BOOLEAN"/><foreign-key onUpdate="none" foreignTable="usuario" name="fk_usuario_mensaje" onDelete="none"><reference local="id_usuario" foreign="id_usuario"/></foreign-key></table><table skipSql="false" abstract="false" name="mensaje_destino"><column autoIncrement="false" lazyLoad="false" name="id_mensaje" type="INTEGER" required="true" primaryKey="true"/><column autoIncrement="false" lazyLoad="false" name="id_usuario" type="INTEGER" required="true" primaryKey="true"/><column primaryKey="false" required="false" autoIncrement="false" lazyLoad="false" name="leido" type="BOOLEAN"/><column primaryKey="false" required="false" autoIncrement="false" lazyLoad="false" name="borrado" type="BOOLEAN"/><foreign-key onUpdate="none" foreignTable="mensaje" name="fk_mensaje_destino_mensaje" onDelete="none"><reference local="id_mensaje" foreign="id_mensaje"/></foreign-key><foreign-key onUpdate="none" foreignTable="usuario" name="fk_usuario_mensaje_destino" onDelete="none"><reference local="id_usuario" foreign="id_usuario"/></foreign-key></table><table skipSql="false" abstract="false" name="parametro"><column lazyLoad="false" name="id_parametro" type="INTEGER" required="true" primaryKey="true" autoIncrement="true"/><column primaryKey="false" autoIncrement="false" lazyLoad="false" name="tipoParametro" type="VARCHAR" size="100" required="true"/><column primaryKey="false" required="false" autoIncrement="false" lazyLoad="false" name="nombre" type="VARCHAR" size="100"/><column primaryKey="false" required="false" autoIncrement="false" lazyLoad="false" name="orden" type="INTEGER"/><column primaryKey="false" required="false" autoIncrement="false" lazyLoad="false" name="numero" type="FLOAT"/><column primaryKey="false" required="false" autoIncrement="false" lazyLoad="false" name="numero2" type="FLOAT"/><column primaryKey="false" required="false" autoIncrement="false" lazyLoad="false" name="cadena" type="LONGVARCHAR"/><column primaryKey="false" required="false" autoIncrement="false" lazyLoad="false" name="cadena1" type="LONGVARCHAR"/><column primaryKey="false" required="false" autoIncrement="false" lazyLoad="false" name="otroObjeto" type="INTEGER"/><column primaryKey="false" required="false" autoIncrement="false" lazyLoad="false" name="si_no" type="BOOLEAN"/><column primaryKey="false" required="false" autoIncrement="false" lazyLoad="false" name="fecha" type="TIMESTAMP"/><column primaryKey="false" required="false" autoIncrement="false" lazyLoad="false" name="created_at" type="TIMESTAMP"/><column primaryKey="false" required="false" autoIncrement="false" lazyLoad="false" name="updated_at" type="TIMESTAMP"/><column primaryKey="false" required="false" autoIncrement="false" lazyLoad="false" name="fechaBorrado" type="TIMESTAMP"/><column primaryKey="false" required="false" autoIncrement="false" lazyLoad="false" name="nombreFichero" type="VARCHAR" size="200"/><column primaryKey="false" required="false" autoIncrement="false" lazyLoad="false" name="tipo" type="VARCHAR" size="100"/><column primaryKey="false" required="false" autoIncrement="false" lazyLoad="false" name="fichero" type="LONGVARCHAR"/><column primaryKey="false" required="false" autoIncrement="false" lazyLoad="false" name="tamano" type="INTEGER"/><foreign-key onUpdate="none" foreignTable="parametro_def" name="fk_parametro_definicion_parametro" onDelete="none"><reference local="tipoParametro" foreign="tipoParametro"/></foreign-key></table><table skipSql="false" abstract="false" name="parametro_def"><column autoIncrement="false" lazyLoad="false" name="tipoParametro" type="VARCHAR" size="100" required="true" primaryKey="true"/><column primaryKey="false" required="false" autoIncrement="false" lazyLoad="false" name="nombre" type="VARCHAR" size="100"/><column primaryKey="false" required="false" autoIncrement="false" lazyLoad="false" name="descripcion" type="LONGVARCHAR"/><column primaryKey="false" required="false" autoIncrement="false" lazyLoad="false" name="esLista" type="BOOLEAN"/><column primaryKey="false" required="false" autoIncrement="false" lazyLoad="false" name="camposLista" type="LONGVARCHAR"/><column primaryKey="false" required="false" autoIncrement="false" lazyLoad="false" name="campoNombre" type="VARCHAR" size="150"/><column primaryKey="false" required="false" autoIncrement="false" lazyLoad="false" name="campoNumero" type="VARCHAR" size="150"/><column primaryKey="false" required="false" autoIncrement="false" lazyLoad="false" name="campoNumero2" type="VARCHAR" size="150"/><column primaryKey="false" required="false" autoIncrement="false" lazyLoad="false" name="campoCadena" type="LONGVARCHAR"/><column primaryKey="false" required="false" autoIncrement="false" lazyLoad="false" name="campoCadena1" type="VARCHAR" size="150"/><column primaryKey="false" required="false" autoIncrement="false" lazyLoad="false" name="campoCadenaMultiIdioma" type="VARCHAR" size="150"/><column primaryKey="false" required="false" autoIncrement="false" lazyLoad="false" name="campoOtroObjeto" type="LONGVARCHAR"/><column primaryKey="false" required="false" autoIncrement="false" lazyLoad="false" name="campoSiNo" type="VARCHAR" size="150"/><column primaryKey="false" required="false" autoIncrement="false" lazyLoad="false" name="campoFecha" type="VARCHAR" size="150"/><column primaryKey="false" required="false" autoIncrement="false" lazyLoad="false" name="campoFichero" type="VARCHAR" size="150"/><column primaryKey="false" required="false" autoIncrement="false" lazyLoad="false" name="esEditable" type="BOOLEAN" default="1"/><column primaryKey="false" required="false" autoIncrement="false" lazyLoad="false" name="esBorrable" type="BOOLEAN" default="1"/></table><table skipSql="false" abstract="false" name="empresa"><column lazyLoad="false" name="id_empresa" type="INTEGER" required="true" primaryKey="true" autoIncrement="true"/><column primaryKey="false" autoIncrement="false" lazyLoad="false" name="id_provincia" type="INTEGER" required="true"/><column primaryKey="false" autoIncrement="false" lazyLoad="false" name="id_usuario" type="INTEGER" required="true"/><column primaryKey="false" required="false" autoIncrement="false" lazyLoad="false" name="nombre" type="VARCHAR" size="150"/><column primaryKey="false" autoIncrement="false" lazyLoad="false" name="id_actividad" type="VARCHAR" size="3" required="true"/><column primaryKey="false" required="false" autoIncrement="false" lazyLoad="false" name="telefono" type="VARCHAR" size="20"/><column primaryKey="false" required="false" autoIncrement="false" lazyLoad="false" name="fax" type="VARCHAR" size="20"/><column primaryKey="false" required="false" autoIncrement="false" lazyLoad="false" name="email" type="VARCHAR" size="50"/><column primaryKey="false" required="false" autoIncrement="false" lazyLoad="false" name="domicilio" type="LONGVARCHAR"/><column primaryKey="false" required="false" autoIncrement="false" lazyLoad="false" name="poblacion" type="VARCHAR" size="255"/><column primaryKey="false" required="false" autoIncrement="false" lazyLoad="false" name="codigo_postal" type="VARCHAR" size="10"/><column primaryKey="false" required="false" autoIncrement="false" lazyLoad="false" name="cif" type="VARCHAR" size="45"/><column primaryKey="false" required="false" autoIncrement="false" lazyLoad="false" name="logo_min" type="VARCHAR" size="150"/><column primaryKey="false" required="false" autoIncrement="false" lazyLoad="false" name="logo_med" type="VARCHAR" size="150"/><column primaryKey="false" required="false" autoIncrement="false" lazyLoad="false" name="logo_max" type="VARCHAR" size="150"/><column primaryKey="false" required="false" autoIncrement="false" lazyLoad="false" name="id_vtiger" type="INTEGER"/><column primaryKey="false" required="false" autoIncrement="false" lazyLoad="false" name="smtp_server" type="VARCHAR" size="150"/><column primaryKey="false" required="false" autoIncrement="false" lazyLoad="false" name="smtp_user" type="VARCHAR" size="150"/><column primaryKey="false" required="false" autoIncrement="false" lazyLoad="false" name="smtp_password" type="VARCHAR" size="255"/><column primaryKey="false" required="false" autoIncrement="false" lazyLoad="false" name="smtp_port" type="INTEGER"/><column primaryKey="false" required="false" autoIncrement="false" lazyLoad="false" name="sender_address" type="VARCHAR" size="150"/><column primaryKey="false" required="false" autoIncrement="false" lazyLoad="false" name="sender_name" type="VARCHAR" size="100"/><column primaryKey="false" required="false" autoIncrement="false" lazyLoad="false" name="color1" type="VARCHAR" size="10"/><column primaryKey="false" required="false" autoIncrement="false" lazyLoad="false" name="color2" type="VARCHAR" size="10"/><column primaryKey="false" required="false" autoIncrement="false" lazyLoad="false" name="color3" type="VARCHAR" size="10"/><column primaryKey="false" required="false" autoIncrement="false" lazyLoad="false" name="color4" type="VARCHAR" size="10"/><column primaryKey="false" required="false" autoIncrement="false" lazyLoad="false" name="color_letra1" type="VARCHAR" size="10"/><column primaryKey="false" required="false" autoIncrement="false" lazyLoad="false" name="color_letra2" type="VARCHAR" size="10"/><column primaryKey="false" required="false" autoIncrement="false" lazyLoad="false" name="color_letra3" type="VARCHAR" size="10"/><column primaryKey="false" required="false" autoIncrement="false" lazyLoad="false" name="color_letra4" type="VARCHAR" size="10"/><column primaryKey="false" required="false" autoIncrement="false" lazyLoad="false" name="created_at" type="TIMESTAMP"/><column primaryKey="false" required="false" autoIncrement="false" lazyLoad="false" name="updated_at" type="TIMESTAMP"/><column primaryKey="false" required="false" autoIncrement="false" lazyLoad="false" name="borrado" type="BOOLEAN"/><foreign-key onUpdate="none" foreignTable="provincia" name="fk_empresa_provincia" onDelete="none"><reference local="id_provincia" foreign="id_provincia"/></foreign-key><foreign-key onUpdate="none" foreignTable="usuario" name="fk_usuario_empresa" onDelete="none"><reference local="id_usuario" foreign="id_usuario"/></foreign-key><foreign-key onUpdate="none" foreignTable="taula1" name="fk_empresa_actividad" onDelete="none"><reference local="id_actividad" foreign="t1id"/></foreign-key></table><table skipSql="false" abstract="false" name="tabla"><column lazyLoad="false" name="id_tabla" type="INTEGER" required="true" primaryKey="true" autoIncrement="true"/><column primaryKey="false" autoIncrement="false" lazyLoad="false" name="id_usuario" type="INTEGER" required="true"/><column primaryKey="false" autoIncrement="false" lazyLoad="false" name="id_empresa" type="INTEGER" required="true"/><column primaryKey="false" autoIncrement="false" lazyLoad="false" name="nombre" type="VARCHAR" size="255" required="true"/><column primaryKey="false" required="false" autoIncrement="false" lazyLoad="false" name="imagen" type="VARCHAR" size="255"/><column primaryKey="false" required="false" autoIncrement="false" lazyLoad="false" name="mostrar_en_lista" type="BOOLEAN" default="true"/><column primaryKey="false" required="false" autoIncrement="false" lazyLoad="false" name="orden" type="INTEGER" size="11"/><column primaryKey="false" required="false" autoIncrement="false" lazyLoad="false" name="es_ficheros" type="BOOLEAN"/><column primaryKey="false" required="false" autoIncrement="false" lazyLoad="false" name="id_categoria" type="INTEGER" size="11"/><column primaryKey="false" required="false" autoIncrement="false" lazyLoad="false" name="created_at" type="TIMESTAMP"/><column primaryKey="false" required="false" autoIncrement="false" lazyLoad="false" name="updated_at" type="TIMESTAMP"/><column primaryKey="false" required="false" autoIncrement="false" lazyLoad="false" name="borrado" type="BOOLEAN"/><foreign-key onUpdate="none" foreignTable="empresa" name="fk_tabla_empresa" onDelete="none"><reference local="id_empresa" foreign="id_empresa"/></foreign-key><foreign-key onUpdate="none" foreignTable="usuario" name="fk_usuario_tabla" onDelete="none"><reference local="id_usuario" foreign="id_usuario"/></foreign-key><foreign-key onUpdate="none" foreignTable="parametro" name="fk_categoria_parametro" onDelete="none"><reference local="id_categoria" foreign="id_parametro"/></foreign-key></table><table skipSql="false" abstract="false" name="campo"><column lazyLoad="false" name="id_campo" type="INTEGER" required="true" primaryKey="true" autoIncrement="true"/><column primaryKey="false" autoIncrement="false" lazyLoad="false" name="id_empresa" type="INTEGER" required="true"/><column primaryKey="false" required="false" autoIncrement="false" lazyLoad="false" name="es_general" type="BOOLEAN"/><column primaryKey="false" required="false" autoIncrement="false" lazyLoad="false" name="es_nombre" type="BOOLEAN"/><column primaryKey="false" required="false" autoIncrement="false" lazyLoad="false" name="nombre" type="VARCHAR" size="150"/><column primaryKey="false" required="false" autoIncrement="false" lazyLoad="false" name="descripcion" type="LONGVARCHAR"/><column primaryKey="false" required="false" autoIncrement="false" lazyLoad="false" name="tipo" type="INTEGER"/><column primaryKey="false" required="false" autoIncrement="false" lazyLoad="false" name="misma_fila" type="BOOLEAN"/><column primaryKey="false" required="false" autoIncrement="false" lazyLoad="false" name="en_lista" type="BOOLEAN"/><column primaryKey="false" required="false" autoIncrement="false" lazyLoad="false" name="desplegable" type="BOOLEAN"/><column primaryKey="false" required="false" autoIncrement="false" lazyLoad="false" name="seleccion_multiple" type="BOOLEAN"/><column primaryKey="false" required="false" autoIncrement="false" lazyLoad="false" name="tipo_items" type="INTEGER"/><column primaryKey="false" required="false" autoIncrement="false" lazyLoad="false" name="unidad_rangos" type="VARCHAR" size="10"/><column primaryKey="false" required="false" autoIncrement="false" lazyLoad="false" name="tipo_periodo" type="INTEGER"/><column primaryKey="false" required="false" autoIncrement="false" lazyLoad="false" name="valor_tabla" type="INTEGER"/><column primaryKey="false" required="false" autoIncrement="false" lazyLoad="false" name="mostrar_en_padre" type="BOOLEAN"/><column primaryKey="false" required="false" autoIncrement="false" lazyLoad="false" name="valor_objeto" type="VARCHAR" size="250"/><column primaryKey="false" required="false" autoIncrement="false" lazyLoad="false" name="defecto" type="VARCHAR" size="250"/><column primaryKey="false" required="false" autoIncrement="false" lazyLoad="false" name="obligatorio" type="BOOLEAN"/><column primaryKey="false" required="false" autoIncrement="false" lazyLoad="false" name="es_cod_agencia" type="BOOLEAN"/><column primaryKey="false" required="false" autoIncrement="false" lazyLoad="false" name="tamano" type="VARCHAR" size="250"/><column primaryKey="false" required="false" autoIncrement="false" lazyLoad="false" name="orden" type="INTEGER"/><column primaryKey="false" required="false" autoIncrement="false" lazyLoad="false" name="es_inconsistente" type="BOOLEAN"/><column primaryKey="false" required="false" autoIncrement="false" lazyLoad="false" name="borrado" type="BOOLEAN"/><foreign-key onUpdate="none" foreignTable="empresa" name="fk_campo_empresa" onDelete="none"><reference local="id_empresa" foreign="id_empresa"/></foreign-key></table><table skipSql="false" abstract="false" name="rel_campo_tabla"><column autoIncrement="false" lazyLoad="false" name="id_campo" type="INTEGER" required="true" primaryKey="true"/><column autoIncrement="false" lazyLoad="false" name="id_tabla" type="INTEGER" required="true" primaryKey="true"/><foreign-key onUpdate="none" foreignTable="campo" name="fk_campo_rel_campo_tabla" onDelete="none"><reference local="id_campo" foreign="id_campo"/></foreign-key><foreign-key onUpdate="none" foreignTable="tabla" name="fk_tabla_rel_campo_tabla" onDelete="none"><reference local="id_tabla" foreign="id_tabla"/></foreign-key></table><table skipSql="false" abstract="false" name="provincia"><column lazyLoad="false" name="id_provincia" type="INTEGER" required="true" primaryKey="true" autoIncrement="true"/><column primaryKey="false" required="false" autoIncrement="false" lazyLoad="false" name="pais" type="VARCHAR" size="2"/><column primaryKey="false" required="false" autoIncrement="false" lazyLoad="false" name="nombre" type="VARCHAR" size="45"/></table><table skipSql="false" abstract="false" name="item_base"><column lazyLoad="false" name="id_item_base" type="INTEGER" required="true" primaryKey="true" autoIncrement="true"/><column primaryKey="false" autoIncrement="false" lazyLoad="false" name="id_campo" type="INTEGER" required="true"/><column primaryKey="false" required="false" autoIncrement="false" lazyLoad="false" name="texto" type="VARCHAR" size="150"/><column primaryKey="false" required="false" autoIncrement="false" lazyLoad="false" name="numero_inferior" type="FLOAT"/><column primaryKey="false" required="false" autoIncrement="false" lazyLoad="false" name="numero_superior" type="FLOAT"/><column primaryKey="false" required="false" autoIncrement="false" lazyLoad="false" name="ayuda" type="LONGVARCHAR"/><column primaryKey="false" required="false" autoIncrement="false" lazyLoad="false" name="texto_auxiliar" type="BOOLEAN"/><column primaryKey="false" required="false" autoIncrement="false" lazyLoad="false" name="orden" type="INTEGER"/><column primaryKey="false" required="false" autoIncrement="false" lazyLoad="false" name="es_responsable_fichero" type="BOOLEAN"/><column primaryKey="false" required="false" autoIncrement="false" lazyLoad="false" name="es_inconsistente" type="BOOLEAN"/><column primaryKey="false" required="false" autoIncrement="false" lazyLoad="false" name="borrado" type="BOOLEAN"/><foreign-key onUpdate="none" foreignTable="campo" name="fk_campo_item" onDelete="none"><reference local="id_campo" foreign="id_campo"/></foreign-key></table><table skipSql="false" abstract="false" name="item"><column lazyLoad="false" name="id_item" type="INTEGER" required="true" primaryKey="true" autoIncrement="true"/><column autoIncrement="false" lazyLoad="false" name="id_formulario" type="INTEGER" required="true" primaryKey="true"/><column primaryKey="false" autoIncrement="false" lazyLoad="false" name="id_item_base" type="INTEGER" required="true"/><column primaryKey="false" required="false" autoIncrement="false" lazyLoad="false" name="texto_corto" type="VARCHAR" size="255"/><column primaryKey="false" required="false" autoIncrement="false" lazyLoad="false" name="texto_largo" type="LONGVARCHAR"/><column primaryKey="false" required="false" autoIncrement="false" lazyLoad="false" name="si_no" type="BOOLEAN"/><column primaryKey="false" required="false" autoIncrement="false" lazyLoad="false" name="texto_auxiliar" type="VARCHAR" size="255"/><column primaryKey="false" required="false" autoIncrement="false" lazyLoad="false" name="fecha" type="TIMESTAMP"/><column primaryKey="false" required="false" autoIncrement="false" lazyLoad="false" name="numero" type="INTEGER"/><column primaryKey="false" required="false" autoIncrement="false" lazyLoad="false" name="id_tabla" type="INTEGER"/><column primaryKey="false" required="false" autoIncrement="false" lazyLoad="false" name="id_objeto" type="INTEGER"/><column primaryKey="false" required="false" autoIncrement="false" lazyLoad="false" name="anio" type="INTEGER"/><foreign-key onUpdate="none" foreignTable="item_base" name="fk_item_base_item" onDelete="none"><reference local="id_item_base" foreign="id_item_base"/></foreign-key><foreign-key onUpdate="none" foreignTable="formulario" name="fk_item_formulario" onDelete="none"><reference local="id_formulario" foreign="id_formulario"/></foreign-key></table><table skipSql="false" abstract="false" name="formulario"><column lazyLoad="false" name="id_formulario" type="INTEGER" required="true" primaryKey="true" autoIncrement="true"/><column primaryKey="false" autoIncrement="false" lazyLoad="false" name="id_tabla" type="INTEGER" required="true"/><column primaryKey="false" autoIncrement="false" lazyLoad="false" name="id_usuario_creador" type="INTEGER" required="true"/><column primaryKey="false" autoIncrement="false" lazyLoad="false" name="id_usuario" type="INTEGER" required="true"/><column primaryKey="false" required="false" autoIncrement="false" lazyLoad="false" name="fecha" type="TIMESTAMP"/><column primaryKey="false" required="false" autoIncrement="false" lazyLoad="false" name="created_at" type="TIMESTAMP"/><column primaryKey="false" required="false" autoIncrement="false" lazyLoad="false" name="updated_at" type="TIMESTAMP"/><foreign-key onUpdate="none" foreignTable="tabla" name="fk_tabla_formulario" onDelete="none"><reference local="id_tabla" foreign="id_tabla"/></foreign-key><foreign-key onUpdate="none" foreignTable="usuario" name="fk_usuario_formulario" onDelete="none"><reference local="id_usuario" foreign="id_usuario"/></foreign-key><foreign-key onUpdate="none" foreignTable="usuario" name="fk_usuario_creador_formulario" onDelete="none"><reference local="id_usuario_creador" foreign="id_usuario"/></foreign-key></table><table skipSql="false" abstract="false" name="notificaciones"><column lazyLoad="false" name="notid" type="INTEGER" size="11" required="true" primaryKey="true" autoIncrement="true"/><column primaryKey="false" autoIncrement="false" lazyLoad="false" name="soporte" type="VARCHAR" size="1" required="true"/><column primaryKey="false" autoIncrement="false" lazyLoad="false" name="tipo" type="VARCHAR" size="1" required="true"/><column primaryKey="false" autoIncrement="false" lazyLoad="false" name="tipo_noti" type="INTEGER" size="1" required="false"/><column primaryKey="false" autoIncrement="false" lazyLoad="false" name="id_fichero" type="INTEGER" size="11" required="true"/><column primaryKey="false" autoIncrement="false" lazyLoad="false" name="fecha" type="VARCHAR" size="8" required="true"/><column primaryKey="false" autoIncrement="false" lazyLoad="false" name="hora_proceso" type="VARCHAR" size="6" required="true"/><column primaryKey="false" autoIncrement="false" lazyLoad="false" name="procesado" type="INTEGER" size="4" required="false" defaultValue="0"/><column primaryKey="false" autoIncrement="false" lazyLoad="false" name="hay_que_parar" type="INTEGER" size="4" required="false" defaultValue="0"/><column primaryKey="false" autoIncrement="false" lazyLoad="false" name="modelo" type="VARCHAR" size="1" required="true"/><column primaryKey="false" autoIncrement="false" lazyLoad="false" name="titularidad" type="VARCHAR" size="1" required="true"/><column primaryKey="false" autoIncrement="false" lazyLoad="false" name="presentacion" type="VARCHAR" size="1" required="true"/><column primaryKey="false" autoIncrement="false" lazyLoad="false" name="forma" type="VARCHAR" size="1" required="true"/><column primaryKey="false" autoIncrement="false" lazyLoad="false" name="id_upload" type="VARCHAR" size="22" required="true"/><column primaryKey="false" autoIncrement="false" lazyLoad="false" name="pf_razon_s" type="VARCHAR" size="140" required="true"/><column primaryKey="false" autoIncrement="false" lazyLoad="false" name="pf_cif_nif" type="VARCHAR" size="9" required="true"/><column primaryKey="false" autoIncrement="false" lazyLoad="false" name="pf_nombre" type="VARCHAR" size="35" required="true"/><column primaryKey="false" autoIncrement="false" lazyLoad="false" name="pf_apellido1" type="VARCHAR" size="35" required="true"/><column primaryKey="false" autoIncrement="false" lazyLoad="false" name="pf_apellido2" type="VARCHAR" size="35" required="true"/><column primaryKey="false" autoIncrement="false" lazyLoad="false" name="pf_nif" type="VARCHAR" size="9" required="false"/><column primaryKey="false" autoIncrement="false" lazyLoad="false" name="pf_cargo" type="VARCHAR" size="70" required="true"/><column primaryKey="false" autoIncrement="false" lazyLoad="false" name="dec_razon_s" type="VARCHAR" size="70" required="true"/><column primaryKey="false" autoIncrement="false" lazyLoad="false" name="dec_direccion" type="VARCHAR" size="100" required="true"/><column primaryKey="false" autoIncrement="false" lazyLoad="false" name="dec_localidad" type="VARCHAR" size="50" required="true"/><column primaryKey="false" autoIncrement="false" lazyLoad="false" name="dec_cp" type="VARCHAR" size="5" required="false"/><column primaryKey="false" autoIncrement="false" lazyLoad="false" name="dec_provincia" type="VARCHAR" size="2" required="false"/><column primaryKey="false" autoIncrement="false" lazyLoad="false" name="dec_pais" type="VARCHAR" size="2" required="true"/><column primaryKey="false" autoIncrement="false" lazyLoad="false" name="dec_tel" type="VARCHAR" size="10" required="false"/><column primaryKey="false" autoIncrement="false" lazyLoad="false" name="dec_fax" type="VARCHAR" size="10" required="false"/><column primaryKey="false" autoIncrement="false" lazyLoad="false" name="dec_mail" type="VARCHAR" size="70" required="false"/><column primaryKey="false" autoIncrement="false" lazyLoad="false" name="dec_forma" type="INTEGER" size="1" required="true"/><column primaryKey="false" autoIncrement="false" lazyLoad="false" name="rf_nombre" type="VARCHAR" size="140" required="false"/><column primaryKey="false" autoIncrement="false" lazyLoad="false" name="rf_actividad" type="VARCHAR" size="3" required="false"/><column primaryKey="false" autoIncrement="false" lazyLoad="false" name="rf_cif" type="VARCHAR" size="9" required="true"/><column primaryKey="false" autoIncrement="false" lazyLoad="false" name="rf_domicilio" type="VARCHAR" size="100" required="true"/><column primaryKey="false" autoIncrement="false" lazyLoad="false" name="rf_localidad" type="VARCHAR" size="50" required="true"/><column primaryKey="false" autoIncrement="false" lazyLoad="false" name="rf_cp" type="VARCHAR" size="5" required="false"/><column primaryKey="false" autoIncrement="false" lazyLoad="false" name="rf_provincia" type="VARCHAR" size="2" required="false"/><column primaryKey="false" autoIncrement="false" lazyLoad="false" name="rf_pais" type="VARCHAR" size="2" required="true"/><column primaryKey="false" autoIncrement="false" lazyLoad="false" name="rf_tel" type="VARCHAR" size="10" required="false"/><column primaryKey="false" autoIncrement="false" lazyLoad="false" name="rf_fax" type="VARCHAR" size="10" required="false"/><column primaryKey="false" autoIncrement="false" lazyLoad="false" name="rf_mail" type="VARCHAR" size="70" required="false"/><column primaryKey="false" autoIncrement="false" lazyLoad="false" name="dr_nombreof" type="VARCHAR" size="70" required="false"/><column primaryKey="false" autoIncrement="false" lazyLoad="false" name="dr_cif" type="VARCHAR" size="9" required="false"/><column primaryKey="false" autoIncrement="false" lazyLoad="false" name="dr_dirpostal" type="VARCHAR" size="100" required="false"/><column primaryKey="false" autoIncrement="false" lazyLoad="false" name="dr_localidad" type="VARCHAR" size="50" required="false"/><column primaryKey="false" autoIncrement="false" lazyLoad="false" name="dr_cp" type="VARCHAR" size="5" required="false"/><column primaryKey="false" autoIncrement="false" lazyLoad="false" name="dr_provincia" type="VARCHAR" size="2" required="true"/><column primaryKey="false" autoIncrement="false" lazyLoad="false" name="dr_pais" type="VARCHAR" size="2" required="false"/><column primaryKey="false" autoIncrement="false" lazyLoad="false" name="dr_tel" type="VARCHAR" size="10" required="false"/><column primaryKey="false" autoIncrement="false" lazyLoad="false" name="dr_fax" type="VARCHAR" size="10" required="false"/><column primaryKey="false" autoIncrement="false" lazyLoad="false" name="dr_mail" type="VARCHAR" size="70" required="false"/><column primaryKey="false" autoIncrement="false" lazyLoad="false" name="tipo_solicitud" type="INTEGER" size="1" required="true"/><column primaryKey="false" autoIncrement="false" lazyLoad="false" name="ac_mod_responsable" type="INTEGER" size="1" required="false"/><column primaryKey="false" autoIncrement="false" lazyLoad="false" name="ac_mod_cif_nif_ant" type="VARCHAR" size="9" required="false"/><column primaryKey="false" autoIncrement="false" lazyLoad="false" name="ac_mod_servicio_unidad" type="INTEGER" size="1" required="false"/><column primaryKey="false" autoIncrement="false" lazyLoad="false" name="ac_mod_disposicion" type="INTEGER" size="1" required="false"/><column primaryKey="false" autoIncrement="false" lazyLoad="false" name="ac_mod_iden_finalid" type="INTEGER" size="1" required="false"/><column primaryKey="false" autoIncrement="false" lazyLoad="false" name="ac_mod_encargado" type="INTEGER" size="1" required="false"/><column primaryKey="false" autoIncrement="false" lazyLoad="false" name="ac_mod_estruct_sistema" type="INTEGER" size="1" required="false"/><column primaryKey="false" autoIncrement="false" lazyLoad="false" name="ac_mod_medidas_seg" type="INTEGER" size="1" required="false"/><column primaryKey="false" autoIncrement="false" lazyLoad="false" name="ac_mod_origen" type="INTEGER" size="1" required="false"/><column primaryKey="false" autoIncrement="false" lazyLoad="false" name="ac_mod_trans_inter" type="INTEGER" size="1" required="false"/><column primaryKey="false" autoIncrement="false" lazyLoad="false" name="ac_mod_comunic_ces" type="INTEGER" size="1" required="false"/><column primaryKey="false" autoIncrement="false" lazyLoad="false" name="ac_supr_motivos" type="VARCHAR" size="140" required="false"/><column primaryKey="false" autoIncrement="false" lazyLoad="false" name="ac_supr_destino_previsiones" type="VARCHAR" size="210" required="false"/><column primaryKey="false" autoIncrement="false" lazyLoad="false" name="ac_supr_cifnif" type="VARCHAR" size="9" required="false"/><column primaryKey="false" autoIncrement="false" lazyLoad="false" name="et_nombre" type="VARCHAR" size="140" required="false"/><column primaryKey="false" autoIncrement="false" lazyLoad="false" name="et_cif" type="VARCHAR" size="9" required="false"/><column primaryKey="false" autoIncrement="false" lazyLoad="false" name="et_dirpostal" type="VARCHAR" size="100" required="false"/><column primaryKey="false" autoIncrement="false" lazyLoad="false" name="et_localidad" type="VARCHAR" size="50" required="false"/><column primaryKey="false" autoIncrement="false" lazyLoad="false" name="et_cp" type="VARCHAR" size="5" required="false"/><column primaryKey="false" autoIncrement="false" lazyLoad="false" name="et_provincia" type="VARCHAR" size="2" required="false"/><column primaryKey="false" autoIncrement="false" lazyLoad="false" name="et_pais" type="VARCHAR" size="2" required="false"/><column primaryKey="false" autoIncrement="false" lazyLoad="false" name="et_tel" type="VARCHAR" size="10" required="false"/><column primaryKey="false" autoIncrement="false" lazyLoad="false" name="et_fax" type="VARCHAR" size="10" required="false"/><column primaryKey="false" autoIncrement="false" lazyLoad="false" name="et_mail" type="VARCHAR" size="70" required="false"/><column primaryKey="false" autoIncrement="false" lazyLoad="false" name="idn_nombre" type="VARCHAR" size="70" required="false"/><column primaryKey="false" autoIncrement="false" lazyLoad="false" name="idn_descripcion" type="LONGVARCHAR" required="false"/><column primaryKey="false" autoIncrement="false" lazyLoad="false" name="idn_finalidades" type="VARCHAR" size="23" required="false"/><column primaryKey="false" autoIncrement="false" lazyLoad="false" name="indica_inte" type="INTEGER" size="1" required="false"/><column primaryKey="false" autoIncrement="false" lazyLoad="false" name="indica_otras" type="INTEGER" size="1" required="false"/><column primaryKey="false" autoIncrement="false" lazyLoad="false" name="indic_fap" type="INTEGER" size="1" required="false"/><column primaryKey="false" autoIncrement="false" lazyLoad="false" name="indic_rp" type="INTEGER" size="1" required="false"/><column primaryKey="false" autoIncrement="false" lazyLoad="false" name="indic_ep" type="INTEGER" size="1" required="false"/><column primaryKey="false" autoIncrement="false" lazyLoad="false" name="indic_ap" type="INTEGER" size="1" required="false"/><column primaryKey="false" autoIncrement="false" lazyLoad="false" name="op_colectivos" type="VARCHAR" size="17" required="false"/><column primaryKey="false" autoIncrement="false" lazyLoad="false" name="op_otroscol" type="VARCHAR" size="100" required="false"/><column primaryKey="false" autoIncrement="false" lazyLoad="false" name="ind_ide" type="INTEGER" size="1" required="false"/><column primaryKey="false" autoIncrement="false" lazyLoad="false" name="ind_as" type="INTEGER" size="1" required="false"/><column primaryKey="false" autoIncrement="false" lazyLoad="false" name="ind_r" type="INTEGER" size="1" required="false"/><column primaryKey="false" autoIncrement="false" lazyLoad="false" name="ind_c" type="INTEGER" size="1" required="false"/><column primaryKey="false" autoIncrement="false" lazyLoad="false" name="ind_re" type="INTEGER" size="1" required="false"/><column primaryKey="false" autoIncrement="false" lazyLoad="false" name="ind_sal" type="INTEGER" size="1" required="false"/><column primaryKey="false" autoIncrement="false" lazyLoad="false" name="ind_sexo" type="INTEGER" size="1" required="false"/><column primaryKey="false" autoIncrement="false" lazyLoad="false" name="ind_nif" type="INTEGER" size="1" required="false"/><column primaryKey="false" autoIncrement="false" lazyLoad="false" name="ind_ss" type="INTEGER" size="1" required="false"/><column primaryKey="false" autoIncrement="false" lazyLoad="false" name="ind_n_a" type="INTEGER" size="1" required="false"/><column primaryKey="false" autoIncrement="false" lazyLoad="false" name="ind_ts" type="INTEGER" size="1" required="false"/><column primaryKey="false" autoIncrement="false" lazyLoad="false" name="ind_dir" type="INTEGER" size="1" required="false"/><column primaryKey="false" autoIncrement="false" lazyLoad="false" name="ind_tel" type="INTEGER" size="1" required="false"/><column primaryKey="false" autoIncrement="false" lazyLoad="false" name="ind_huella" type="INTEGER" size="1" required="false"/><column primaryKey="false" autoIncrement="false" lazyLoad="false" name="ind_img" type="INTEGER" size="1" required="false"/><column primaryKey="false" autoIncrement="false" lazyLoad="false" name="ind_marcas" type="INTEGER" size="1" required="false"/><column primaryKey="false" autoIncrement="false" lazyLoad="false" name="ind_firma" type="INTEGER" size="1" required="false"/><column primaryKey="false" autoIncrement="false" lazyLoad="false" name="td_otrosprotegidos" type="VARCHAR" size="100" required="false"/><column primaryKey="false" autoIncrement="false" lazyLoad="false" name="td_otrostipificados" type="VARCHAR" size="17" required="false"/><column primaryKey="false" autoIncrement="false" lazyLoad="false" name="td_otrostiposdatos" type="VARCHAR" size="100" required="false"/><column primaryKey="false" autoIncrement="false" lazyLoad="false" name="td_tratamiento" type="VARCHAR" size="1" required="false"/><column primaryKey="false" autoIncrement="false" lazyLoad="false" name="seguridad" type="VARCHAR" size="1" required="false"/><column primaryKey="false" autoIncrement="false" lazyLoad="false" name="cd_destinatarios" type="VARCHAR" size="17" required="false"/><column primaryKey="false" autoIncrement="false" lazyLoad="false" name="cd_otrosdestinatarios" type="VARCHAR" size="100" required="false"/><column primaryKey="false" autoIncrement="false" lazyLoad="false" name="paises_destina" type="VARCHAR" size="14" required="false"/><column primaryKey="false" autoIncrement="false" lazyLoad="false" name="cat_destina" type="VARCHAR" size="11" required="false"/><column primaryKey="false" autoIncrement="false" lazyLoad="false" name="otro_pais_destina" type="LONGVARCHAR" required="false"/><foreign-key onUpdate="none" foreignTable="formulario" name="fk_fichero" onDelete="none"><reference local="id_fichero" foreign="id_formulario"/></foreign-key></table><table skipSql="false" abstract="false" name="paises"><column lazyLoad="false" name="pid" type="INTEGER" required="true" primaryKey="true" autoIncrement="true"/><column primaryKey="false" required="false" autoIncrement="false" lazyLoad="false" name="pais" type="VARCHAR" size="80"/></table><table skipSql="false" abstract="false" name="taula1"><column autoIncrement="false" lazyLoad="false" name="t1id" type="VARCHAR" size="3" required="true" primaryKey="true"/><column primaryKey="false" required="false" autoIncrement="false" lazyLoad="false" name="actividad" type="LONGVARCHAR"/></table><table skipSql="false" abstract="false" name="taula2"><column autoIncrement="false" lazyLoad="false" name="t2id" type="INTEGER" required="true" primaryKey="true"/><column primaryKey="false" required="false" autoIncrement="false" lazyLoad="false" name="descripcion" type="LONGVARCHAR"/></table><table skipSql="false" abstract="false" name="taula3"><column autoIncrement="false" lazyLoad="false" name="t3id" type="VARCHAR" size="3" required="true" primaryKey="true"/><column primaryKey="false" required="false" autoIncrement="false" lazyLoad="false" name="descripcion" type="LONGVARCHAR"/></table><table skipSql="false" abstract="false" name="taula4"><column autoIncrement="false" lazyLoad="false" name="t4id" type="INTEGER" required="true" primaryKey="true"/><column primaryKey="false" required="false" autoIncrement="false" lazyLoad="false" name="descripcion" type="LONGVARCHAR"/></table><table skipSql="false" abstract="false" name="taula5"><column autoIncrement="false" lazyLoad="false" name="t5id" type="VARCHAR" size="5" required="true" primaryKey="true"/><column primaryKey="false" required="false" autoIncrement="false" lazyLoad="false" name="descripcion" type="LONGVARCHAR"/></table><table skipSql="false" abstract="false" name="taula7"><column autoIncrement="false" lazyLoad="false" name="t7id" type="VARCHAR" size="5" required="true" primaryKey="true"/><column primaryKey="false" required="false" autoIncrement="false" lazyLoad="false" name="descripcion" type="LONGVARCHAR"/></table><table skipSql="false" abstract="false" name="tarea"><column lazyLoad="false" name="id_tarea" type="INTEGER" required="true" primaryKey="true" autoIncrement="true"/><column primaryKey="false" autoIncrement="false" lazyLoad="false" name="id_empresa" type="INTEGER" required="true"/><column primaryKey="false" autoIncrement="false" lazyLoad="false" name="id_estado_tarea" type="INTEGER" required="true"/><column primaryKey="false" autoIncrement="false" lazyLoad="false" name="id_usuario" type="INTEGER" required="true"/><column primaryKey="false" required="false" autoIncrement="false" lazyLoad="false" name="avisar_email" type="BOOLEAN"/><column primaryKey="false" required="false" autoIncrement="false" lazyLoad="false" name="avisar_email_fin" type="BOOLEAN"/><column primaryKey="false" required="false" autoIncrement="false" lazyLoad="false" name="es_evento" type="BOOLEAN"/><column primaryKey="false" required="false" autoIncrement="false" lazyLoad="false" name="fecha_inicio" type="TIMESTAMP"/><column primaryKey="false" required="false" autoIncrement="false" lazyLoad="false" name="fecha_vencimiento" type="TIMESTAMP"/><column primaryKey="false" required="false" autoIncrement="false" lazyLoad="false" name="resumen" type="VARCHAR" size="255"/><column primaryKey="false" required="false" autoIncrement="false" lazyLoad="false" name="descripcion" type="LONGVARCHAR"/><column primaryKey="false" required="false" autoIncrement="false" lazyLoad="false" name="id_campo" type="INTEGER"/><column primaryKey="false" required="false" autoIncrement="false" lazyLoad="false" name="id_formulario" type="INTEGER"/><column primaryKey="false" required="false" autoIncrement="false" lazyLoad="false" name="created_at" type="TIMESTAMP"/><column primaryKey="false" required="false" autoIncrement="false" lazyLoad="false" name="updated_at" type="TIMESTAMP"/><foreign-key onUpdate="none" foreignTable="formulario" name="fk_tarea_formulario" onDelete="none"><reference local="id_formulario" foreign="id_formulario"/></foreign-key><foreign-key onUpdate="none" foreignTable="campo" name="fk_tarea_campo" onDelete="none"><reference local="id_campo" foreign="id_campo"/></foreign-key><foreign-key onUpdate="none" foreignTable="usuario" name="fk_tarea_usuario" onDelete="none"><reference local="id_usuario" foreign="id_usuario"/></foreign-key><foreign-key onUpdate="none" foreignTable="parametro" name="fk_tarea_parametro" onDelete="none"><reference local="id_estado_tarea" foreign="id_parametro"/></foreign-key><foreign-key onUpdate="none" foreignTable="empresa" name="fk_tarea_empresa" onDelete="none"><reference local="id_empresa" foreign="id_empresa"/></foreign-key></table><table skipSql="false" abstract="false" name="documentos" phpName="Documento"><column lazyLoad="false" name="id_documento" type="INTEGER" primaryKey="true" required="true" autoIncrement="true"/><column primaryKey="false" required="false" autoIncrement="false" lazyLoad="false" name="id_empresa" type="INTEGER"/><column primaryKey="false" required="false" autoIncrement="false" lazyLoad="false" name="nombre" type="VARCHAR" size="250"/><column primaryKey="false" required="false" autoIncrement="false" lazyLoad="false" name="id_item" type="INTEGER"/><foreign-key onDelete="none" onUpdate="none" foreignTable="empresa" name="documento_empresa"><reference local="id_empresa" foreign="id_empresa"/></foreign-key><foreign-key onDelete="none" onUpdate="none" foreignTable="item" name="rel_item"><reference local="id_item" foreign="id_item"/></foreign-key></table><table skipSql="false" abstract="false" name="historico_documentos" phpName="HistoricoDocumento"><column autoIncrement="false" lazyLoad="false" name="id_documento" type="INTEGER" primaryKey="true" required="true"/><column autoIncrement="false" lazyLoad="false" name="version" type="VARCHAR" size="50" primaryKey="true" required="true"/><column primaryKey="false" required="false" autoIncrement="false" lazyLoad="false" name="id_empresa" type="INTEGER"/><column primaryKey="false" required="false" autoIncrement="false" lazyLoad="false" name="id_usuario" type="INTEGER"/><column primaryKey="false" required="false" autoIncrement="false" lazyLoad="false" name="nombre_fich" type="VARCHAR" size="250"/><column primaryKey="false" required="false" autoIncrement="false" lazyLoad="false" name="tamano" type="INTEGER"/><column primaryKey="false" required="false" autoIncrement="false" lazyLoad="false" name="fecha" type="TIMESTAMP"/><column primaryKey="false" required="false" autoIncrement="false" lazyLoad="false" name="mime" type="VARCHAR" size="100"/><foreign-key onDelete="none" onUpdate="none" foreignTable="empresa" name="hist_documento_empresa"><reference local="id_empresa" foreign="id_empresa"/></foreign-key><foreign-key onDelete="none" onUpdate="none" foreignTable="documentos" name="docu_docu"><reference local="id_documento" foreign="id_documento"/></foreign-key><foreign-key onDelete="none" onUpdate="none" foreignTable="usuario" name="hist_documento_usuario"><reference local="id_usuario" foreign="id_usuario"/></foreign-key></table><table skipSql="false" abstract="false" name="clientes" phpName="Encargado"><column lazyLoad="false" name="id_cliente" type="INTEGER" required="true" primaryKey="true" autoIncrement="true"/><column primaryKey="false" required="false" autoIncrement="false" lazyLoad="false" name="id_empresa" type="INTEGER"/><column primaryKey="false" required="false" autoIncrement="false" lazyLoad="false" name="nombre" type="LONGVARCHAR"/><column primaryKey="false" required="false" autoIncrement="false" lazyLoad="false" name="razon_social" type="LONGVARCHAR"/><column primaryKey="false" required="false" autoIncrement="false" lazyLoad="false" name="cif" type="VARCHAR" size="10"/><column primaryKey="false" required="false" autoIncrement="false" lazyLoad="false" name="contacto" type="LONGVARCHAR"/><column primaryKey="false" required="false" autoIncrement="false" lazyLoad="false" name="telefono" type="VARCHAR" size="12"/><column primaryKey="false" required="false" autoIncrement="false" lazyLoad="false" name="fax" type="VARCHAR" size="12"/><column primaryKey="false" required="false" autoIncrement="false" lazyLoad="false" name="movil" type="VARCHAR" size="12"/><column primaryKey="false" required="false" autoIncrement="false" lazyLoad="false" name="domicilio" type="LONGVARCHAR"/><column primaryKey="false" required="false" autoIncrement="false" lazyLoad="false" name="poblacion" type="VARCHAR" size="50"/><column primaryKey="false" required="false" autoIncrement="false" lazyLoad="false" name="codigo_postal" type="VARCHAR" size="9"/><column primaryKey="false" required="false" autoIncrement="false" lazyLoad="false" name="provincia" type="VARCHAR" size="150"/><foreign-key onDelete="none" onUpdate="none" foreignTable="empresa" name="clientes_empresa"><reference local="id_empresa" foreign="id_empresa"/></foreign-key></table></database>
